subreddit,id,submission_id,body,created_utc,parent_id,permalink
Binance,ghovcyc,ko13zi,Have you tried simply telling customer support that you can't answer those questions yet? Did you complete KYC on the account previously or is this your first time submitting documents?,1609493060,t3_ko13zi,/r/binance/comments/ko13zi/yubikey_reset_help_dont_know_any_deposit_addresses/ghovcyc/
Binance,ghrzpuf,ko13zi,[deleted],1609547380,t1_ghovcyc,/r/binance/comments/ko13zi/yubikey_reset_help_dont_know_any_deposit_addresses/ghrzpuf/
Binance,ghzhm8f,ko13zi,"Note that you didn't provide the selfie holding the ID, only the front of your ID. After you fix this, let me know.",1609702772,t1_ghrzpuf,/r/binance/comments/ko13zi/yubikey_reset_help_dont_know_any_deposit_addresses/ghzhm8f/
Binance,gi151kk,ko13zi,[deleted],1609731414,t1_ghzhm8f,/r/binance/comments/ko13zi/yubikey_reset_help_dont_know_any_deposit_addresses/gi151kk/
Binance,gi1k8qz,ko13zi,Good to hear. No problem!,1609740540,t1_gi151kk,/r/binance/comments/ko13zi/yubikey_reset_help_dont_know_any_deposit_addresses/gi1k8qz/
Binance,ghqexwb,ko17td,Because the binance platform is built on the same technology as a texas instruments calculator. I quit trying after three weeks.,1609521353,t3_ko17td,/r/binance/comments/ko17td/why_sometimes_when_i_market_buy_i_get_this/ghqexwb/
Binance,ghnrycy,ko1qjz,&#x200B;\n\nObvious SCAM from an even more obvious SCAMMER,1609462253,t3_ko1qjz,/r/binance/comments/ko1qjz/potential_btc_xrp_pump_jan_2nd/ghnrycy/
Binance,ghnvwun,ko1qjz,The group this idiot is promoting was responsible for the pump & dump of DLT last week.\n\nPlease help report this illegal activity to Discord.,1609464604,t3_ko1qjz,/r/binance/comments/ko1qjz/potential_btc_xrp_pump_jan_2nd/ghnvwun/
Binance,ghq09gz,ko1wgd,Ticket number if you are still having issues?,1609515217,t3_ko1wgd,/r/binance/comments/ko1wgd/erroneous_balance/ghq09gz/
Binance,gmm8v7k,ko2n8c,"Hi, is your problem solved! I hav the same problem",1612814723,t3_ko2n8c,/r/binance/comments/ko2n8c/my_visa_deposit_has_been_stuck_on_processing_for/gmm8v7k/
Binance,gpp8lkw,ko2n8c,Did you get it back? Same issue for me,1614893279,t1_gmm8v7k,/r/binance/comments/ko2n8c/my_visa_deposit_has_been_stuck_on_processing_for/gpp8lkw/
Binance,ghpw0y4,ko3dyj,"Yes, FTX.",1609513180,t3_ko3dyj,/r/binance/comments/ko3dyj/binance_leveraged_token_alternative/ghpw0y4/
Binance,ghqn3u7,ko3dyj,"FTX exchange has more leveraged tokens than anywhere else, you can even buy Amazon and Google leveraged tokens",1609524400,t3_ko3dyj,/r/binance/comments/ko3dyj/binance_leveraged_token_alternative/ghqn3u7/
Binance,ghq0l5p,ko3dyj,Don't they have problems with us users as well?,1609515378,t1_ghpw0y4,/r/binance/comments/ko3dyj/binance_leveraged_token_alternative/ghq0l5p/
Binance,ghoeo7y,ko3v7j,This happed to me as well only in the Trust Wallet app. Showed ARN/BNB was up 65% when it was down over 25%!?,1609477374,t3_ko3v7j,/r/binance/comments/ko3v7j/bug_the_widget_part_of_the_binance_ios_app/ghoeo7y/
Binance,ghpj2w7,ko3v7j,same thing happens with me daily on WazirX notifications.... ðŸ˜’,1609506809,t3_ko3v7j,/r/binance/comments/ko3v7j/bug_the_widget_part_of_the_binance_ios_app/ghpj2w7/
Binance,ghq0cft,ko43w4,This is a job for a support ticket or live chat on our website.,1609515257,t3_ko43w4,/r/binance/comments/ko43w4/trying_to_deposit_into_my_account_with_my_debit/ghq0cft/
Binance,ghs8sjf,ko71ci,"I just had to do that today. I had a bunch of various altcoins and ended up having to open several different wallets and exchanges to get everything out of Binance. Which sucks, because I really like Binance. I do prefer it over other exchanges.  \n\nI moved a few to Bittrex, but I won't be staying there long since they will likely do the same thing soon. I'm basically consolidating all my altcoins into USDT and BTC and will transfer everything out to a hardware wallet until I find a good exchange that I can use reliably.  \n\nI really wish that Binance hadn't done what they did. They could have at least left trading open for US residents for the 14 days. These kinds of boneheaded moves are how markets crash.",1609552481,t3_ko71ci,/r/binance/comments/ko71ci/hi_im_just_getting_back_into_crypto_after_a_long/ghs8sjf/
Binance,ghou86c,ko71ci,I moved my Tron to Kraken and then sold for BTC.  But now I have like $80 worth of BTC stuck bcuz kraken says I donâ€™t have the minimum to withdraw.  So thatâ€™s an option but you probably need AtLeast $100 to withdraw,1609491862,t3_ko71ci,/r/binance/comments/ko71ci/hi_im_just_getting_back_into_crypto_after_a_long/ghou86c/
Binance,ghpsndn,ko71ci,Iâ€™m having the same issue but I canâ€™t even withdraw. It wonâ€™t allow me to withdraw anything. Tried to contact support and the waist list que is about 259 long,1609511621,t3_ko71ci,/r/binance/comments/ko71ci/hi_im_just_getting_back_into_crypto_after_a_long/ghpsndn/
Binance,ghsfhrm,ko71ci,"I guess Iâ€™m gonna do the same thing, really wish we didnâ€™t have to binance was a good exchange to use, I wish I could of just transferred them over to Binance.US but their not supported on there.",1609556097,t1_ghs8sjf,/r/binance/comments/ko71ci/hi_im_just_getting_back_into_crypto_after_a_long/ghsfhrm/
Binance,ghp4b9d,ko71ci,exchange it for a coin with cheaper fees such as stellar lumen or BCH or LTC,1609498664,t1_ghou86c,/r/binance/comments/ko71ci/hi_im_just_getting_back_into_crypto_after_a_long/ghp4b9d/
Binance,ghpinej,ko7omu,"Set timeInForce to IOC (Immediate or Cancel). Your order will fill however much it can at the price you put, and cancel the rest immediately.",1609506588,t3_ko7omu,/r/binance/comments/ko7omu/spot_api_is_there_limit_taker_type_of_order/ghpinej/
Binance,ghsj244,ko7omu,Thank you.,1609558089,t1_ghpinej,/r/binance/comments/ko7omu/spot_api_is_there_limit_taker_type_of_order/ghsj244/
Binance,ghp27j3,ko8w9u,When will Binance make a usable trade history function?  \nHappy new year!,1609497507,t3_ko8w9u,/r/binance/comments/ko8w9u/weekly_rbinance_discussion_week_00_20210101/ghp27j3/
Binance,ghu346u,ko8w9u,"I logged in to my binance account and got the 14 day kyc notice for us. Fine, I create an account for binance us to transfer my stuff but I cannot sell anything due to the terms of service. I need to transfer to btc because some of my cryptos are not available in the US. I canâ€™t verify any of my info in the binance site either.",1609603224,t3_ko8w9u,/r/binance/comments/ko8w9u/weekly_rbinance_discussion_week_00_20210101/ghu346u/
Binance,ghr43by,ko8w9u,is there a way to trade GBP to USD easily?,1609530666,t3_ko8w9u,/r/binance/comments/ko8w9u/weekly_rbinance_discussion_week_00_20210101/ghr43by/
Binance,ghrh4os,ko8w9u,Will Binance de-list XMR?  Seems many other exchanges are now de-listing XMR.\n\nHappy New Year.,1609537253,t3_ko8w9u,/r/binance/comments/ko8w9u/weekly_rbinance_discussion_week_00_20210101/ghrh4os/
Binance,ghripeo,ko8w9u,Is Binance planning on stop trading of XRP ?,1609538072,t3_ko8w9u,/r/binance/comments/ko8w9u/weekly_rbinance_discussion_week_00_20210101/ghripeo/
Binance,ghrlskz,ko8w9u,Iâ€™m no longer able to transfer funds from my future wallet to my spot wallets : Â«Â future transfer failedÂ Â». Iâ€™m using the app and Iâ€™m in Europe. Any clue /u/symbiotic_bnb ?,1609539693,t3_ko8w9u,/r/binance/comments/ko8w9u/weekly_rbinance_discussion_week_00_20210101/ghrlskz/
Binance,ghry2bi,ko8w9u,"Come to r/altstreetbets to see some crazy gains and losses, huge binance fans too. Lots of binance traders there",1609546454,t3_ko8w9u,/r/binance/comments/ko8w9u/weekly_rbinance_discussion_week_00_20210101/ghry2bi/
Binance,ghth8bk,ko8w9u,"I know I am super late but what is the best way to get out of Binance.com to Binance.us or coinbase or crypto.com or somewhere else without paying a lot in fees?\n\nI have XMR, XRP, ADA, MIOTA, ETH",1609586116,t3_ko8w9u,/r/binance/comments/ko8w9u/weekly_rbinance_discussion_week_00_20210101/ghth8bk/
Binance,ghumte3,ko8w9u,Is it possible to have one long and one short position in Binance futures? For Example one long position for long term and one short position for a quick trade.,1609613417,t3_ko8w9u,/r/binance/comments/ko8w9u/weekly_rbinance_discussion_week_00_20210101/ghumte3/
Binance,ghv3sxf,ko8w9u,"Random question guys: why does binance has different prices in same pair? For example, BTC/EUR 1btc=25000 apx 25600â‚¬. Should not be that value the same??",1609622147,t3_ko8w9u,/r/binance/comments/ko8w9u/weekly_rbinance_discussion_week_00_20210101/ghv3sxf/
Binance,ghvp9z6,ko8w9u,"My work around is using Exodus/Coinbase, after failing BinanceUS (sucks)\n\nExodus supports a ton of coins and for ones they don't support you can convert to BNB which Exodus does support. \n\nI'm not affiliated with them. It's just the one that worked for me. I no longer have a single coin of any type in Binance. \n\nGood luck.",1609633466,t3_ko8w9u,/r/binance/comments/ko8w9u/weekly_rbinance_discussion_week_00_20210101/ghvp9z6/
Binance,ghxzmgu,ko8w9u,Can someone inform me how fees on Binance work if I just want to buy bitcoin directly with GBP from my bank/card? And what the fees are for the reverse process too?,1609677099,t3_ko8w9u,/r/binance/comments/ko8w9u/weekly_rbinance_discussion_week_00_20210101/ghxzmgu/
Binance,ghy0643,ko8w9u,"So. I found this $20 worth of TWT in my spot wallet yesterday. Transferred it to the trust wallet app thing of Binance and now itâ€™s worth $13,75?\n\nGo figure.",1609677387,t3_ko8w9u,/r/binance/comments/ko8w9u/weekly_rbinance_discussion_week_00_20210101/ghy0643/
Binance,ghykvkn,ko8w9u,"I tried buying crypto with credit/debit card as Iâ€™ve done before but this time my operation got cancelled and I receive this message â€œ[Binance] Your account may be at risk and deposit function has been temporarily suspended. You can submit a fiat deposit appeal to remove the ban via your Email or check Notifications on Binance official WEBSITE. If you did not initiate this operation, please contact Binance Customer Support immediately.â€ \nI proceeded to send the appeal and still Iâ€™ve not received any answer from binance. \nAny tips?",1609687981,t3_ko8w9u,/r/binance/comments/ko8w9u/weekly_rbinance_discussion_week_00_20210101/ghykvkn/
Binance,ghyttos,ko8w9u,"Transferring crypto on binance is like raw dogging a hooker, you just never know what youâ€™re going to get. Coinbases interface, just everything in general is better. If binance didnâ€™t have lowkey coins that I wanted, I wouldnâ€™t be using it. \nUpdate: like bruh it hasnâ€™t transferred yet, da Fuk",1609692133,t3_ko8w9u,/r/binance/comments/ko8w9u/weekly_rbinance_discussion_week_00_20210101/ghyttos/
Binance,ghz4suj,ko8w9u, Queue position: 674,1609696852,t3_ko8w9u,/r/binance/comments/ko8w9u/weekly_rbinance_discussion_week_00_20210101/ghz4suj/
Binance,ghz5jcs,ko8w9u, Queue position: 674 ...,1609697212,t3_ko8w9u,/r/binance/comments/ko8w9u/weekly_rbinance_discussion_week_00_20210101/ghz5jcs/
Binance,ghzhufm,ko8w9u,What are the odds of [binance.com](https://binance.com) being unbanned in the US in the near future? Kind of disappointed that I had to transfer everything off of my account but I understand the TOS and  that it is not up to me that they can't service US customers. Really loved using the market and interface of the site alongside with the fact they recoup hacked wallets was a great security.,1609702880,t3_ko8w9u,/r/binance/comments/ko8w9u/weekly_rbinance_discussion_week_00_20210101/ghzhufm/
Binance,gi0hwzc,ko8w9u,Can you transfer BETH to cold storage or must you keep it in on the Binance exchange to earn staking rewards?,1609719549,t3_ko8w9u,/r/binance/comments/ko8w9u/weekly_rbinance_discussion_week_00_20210101/gi0hwzc/
Binance,gi0rsew,ko8w9u,When I UP my leverage in an isolated trade. It doesn't have impact on the ROI. Why is this so ? Despite that I increase my position by increasing the leverage,1609724530,t3_ko8w9u,/r/binance/comments/ko8w9u/weekly_rbinance_discussion_week_00_20210101/gi0rsew/
Binance,gi0ugzm,ko8w9u,"Verification denied AGAIN. Apparently letter from a lawyer, with my full name, and address isnâ€™t good enough, WITH A DATE STAMP FROM USPS. My utility bills and bank statements are all digital, and they specifically state, no screen shots...\n\nHow the fuck do I get verified?!",1609725899,t3_ko8w9u,/r/binance/comments/ko8w9u/weekly_rbinance_discussion_week_00_20210101/gi0ugzm/
Binance,ghum8u6,ko8w9u,Yeah this just happened to me idk what to do.  Been using it fine for years and suddenly cant do any transfers,1609613124,t1_ghu346u,/r/binance/comments/ko8w9u/weekly_rbinance_discussion_week_00_20210101/ghum8u6/
Binance,ghunp7t,ko8w9u,"Please message if you find workaround Iâ€™m in same spot, in line with customer service to fix",1609613874,t1_ghu346u,/r/binance/comments/ko8w9u/weekly_rbinance_discussion_week_00_20210101/ghunp7t/
Binance,ghzhbvr,ko8w9u,"Is this still an issue? Do you have a ticket number? If not, open a support ticket:\n\nhttps://www.binance.com/en/support/requests/new",1609702635,t1_ghrlskz,/r/binance/comments/ko8w9u/weekly_rbinance_discussion_week_00_20210101/ghzhbvr/
Binance,ghvpf0g,ko8w9u,can't help you with fees but Exodus is what I used to get out of Binance entirely. BinanceUS won't work for me. Not sure why,1609633542,t1_ghth8bk,/r/binance/comments/ko8w9u/weekly_rbinance_discussion_week_00_20210101/ghvpf0g/
Binance,gi0ihc4,ko8w9u,also im kinda pissed that bETH is not worth same as ETH and if so will not be using binance anymore as this was the agreement I signed up to,1609719818,t1_gi0hwzc,/r/binance/comments/ko8w9u/weekly_rbinance_discussion_week_00_20210101/gi0ihc4/
Binance,ghunmb3,ko8w9u,"I kind of figured something out. For monero, i need to transfer it somewhere else. For the rest i was able to transfer to bnb and then move it to binance us account. Itâ€™s annoying.",1609613831,t1_ghum8u6,/r/binance/comments/ko8w9u/weekly_rbinance_discussion_week_00_20210101/ghunmb3/
Binance,ghuny99,ko8w9u,"I was able to fix half, I converted what I could to bnb then transferred that to binance us. For the rest of the coins (monero) Iâ€™m gonna have to transfer it to an exchange that takes monero. I will probably sell then and move to binance us since I prefer it or Coinbase. I hope I donâ€™t get taxed on any gains, all i have is loses from 2018 lol.",1609614004,t1_ghunp7t,/r/binance/comments/ko8w9u/weekly_rbinance_discussion_week_00_20210101/ghuny99/
Binance,ghzv83k,ko8w9u,"Itâ€™s been solved, thanks",1609708924,t1_ghzhbvr,/r/binance/comments/ko8w9u/weekly_rbinance_discussion_week_00_20210101/ghzv83k/
Binance,ghwhx7s,ko8w9u,Thanks,1609650224,t1_ghvpf0g,/r/binance/comments/ko8w9u/weekly_rbinance_discussion_week_00_20210101/ghwhx7s/
Binance,ghuvci9,ko8w9u,I cant seem to transfer anything to bnb :(,1609617802,t1_ghunmb3,/r/binance/comments/ko8w9u/weekly_rbinance_discussion_week_00_20210101/ghuvci9/
Binance,ghuo0j9,ko8w9u,How did you convert to bnb without trading allowed?,1609614036,t1_ghuny99,/r/binance/comments/ko8w9u/weekly_rbinance_discussion_week_00_20210101/ghuo0j9/
Binance,ghuoafu,ko8w9u,Pretty sure thereâ€™s an option to convert all cryptos to bnb.,1609614175,t1_ghuo0j9,/r/binance/comments/ko8w9u/weekly_rbinance_discussion_week_00_20210101/ghuoafu/
Binance,ghpicse,ko93rg,"You bought a trade of 37951.9693 USDT worth of BTCUSDT contract and paid a 15.18 USDT fee. That's 15.18 / 37951 = 0.04% fee, as advertize for a taker order.\n\nIf you actually thought the fee would be a percent of your profit, I'm not sure what to say, apart from maybe trade smaller quantities while you learn how markets work.",1609506430,t3_ko93rg,/r/binance/comments/ko93rg/why_are_btcusdt_future_fees_around_50_one_trade_a/ghpicse/
Binance,ghq8itu,ko93rg,"You need to use a SL and TP, go for limit, not market.",1609518793,t3_ko93rg,/r/binance/comments/ko93rg/why_are_btcusdt_future_fees_around_50_one_trade_a/ghq8itu/
Binance,ghpideg,ko93rg,Because you cloesd it with market order and not Limit order. Market orders have much higher fees.,1609506439,t3_ko93rg,/r/binance/comments/ko93rg/why_are_btcusdt_future_fees_around_50_one_trade_a/ghpideg/
Binance,ghszxzt,ko93rg,Ahhhhhh so making trades with gains under +5% isnâ€™t actually worth it.... u can actually lose money. Sorry yes I am still learning. Thanks for explaining,1609568856,t1_ghpicse,/r/binance/comments/ko93rg/why_are_btcusdt_future_fees_around_50_one_trade_a/ghszxzt/
Binance,ghszmo4,ko93rg,Thanks but I donâ€™t think thatâ€™s it! Check my other pose. The fees are MORE than the PNL,1609568606,t1_ghq8itu,/r/binance/comments/ko93rg/why_are_btcusdt_future_fees_around_50_one_trade_a/ghszmo4/
Binance,ghpqdce,koa87l,"There seems to be an ever-growing sense of arrogance in which people post threads like this, making misleading comments as fact even though they do not have any idea what they are talking about.\n\nYou take it a step further by acting as if our support has no idea what happened and made no attempt to help you. Yet, based on the chat log you provided, nowhere does the agent say that it was not a Binance address. In fact, they reiterated that the only way that an internal transaction can occur if is the recipient wallet is a Binance address.\n\nYour Bitcoin did not ""vanish."" This is not possible. If there was an error on our side, it would be recognized and corrected. The address you sent to appears to be a Swipe wallet. Swipe is owned by Binance and also chooses to use Binance's wallet infrastructure to help to ensure the security of their user funds. A variety of services do this.\n\nI've also reviewed the recipient details and confirmed that the amount was credited on the Binance side. If your buddy insists he did not receive the transfer, he needs to speak with Swipe support.\n\nYou could have simply asked your friend to check with his wallet provider as to why he did not receive the transaction, as it clearly shows it was successful on your side. You do not need to spread misinformation to get assistance.",1609510556,t3_koa87l,/r/binance/comments/koa87l/withdrawal_bug_made_my_bitcoin_vanish_caution/ghpqdce/
Binance,ghpjl9e,koa87l,"Very strange, looks like there is problem on their side and your btc should be refunded. Never seen like this but also I don't use mobile to play with crypto.\nIf you check your btc address from binance with explorer is any transaction there?",1609507101,t3_koa87l,/r/binance/comments/koa87l/withdrawal_bug_made_my_bitcoin_vanish_caution/ghpjl9e/
Binance,ghpjql6,koa87l,"Looks like Binance software messed up to me. To confirm this, you need to use your friends wallet address outside of Binance to send BTC back and forth between you two. If you can prove that, its an open and shut case.\n\nIf your friends wallet address was the same as an internal address, then their software should have checked to make sure the address existed before sending funds to it. \n\nIts odd that the address of the two wallets were the same in the first place.",1609507192,t3_koa87l,/r/binance/comments/koa87l/withdrawal_bug_made_my_bitcoin_vanish_caution/ghpjql6/
Binance,ghpskks,koa87l,Oof,1609511589,t1_ghpqdce,/r/binance/comments/koa87l/withdrawal_bug_made_my_bitcoin_vanish_caution/ghpskks/
Binance,ghprs3w,koa87l,"> Yet, based on the chat log you provided, nowhere does the agent say that it was not a Binance address. \n\nThanks for clarification. Screenshot 2/5: ""And to confirm this address is not a Binance address \[...\]"" sounds to me like that. That's why I thought it must be a bug. Im sorry, the support seemed pretty helpless, otherwise I wouldn't have created this post. I will ask if he uses Swipe.",1609511229,t1_ghpqdce,/r/binance/comments/koa87l/withdrawal_bug_made_my_bitcoin_vanish_caution/ghprs3w/
Binance,ghpjx0c,koa87l,"No, there isn't. [https://www.blockchain.com/btc/address/1K1Ldr7vFajP8zFVpK34Fbku5jpPVz4fDQ](https://www.blockchain.com/btc/address/1K1Ldr7vFajP8zFVpK34Fbku5jpPVz4fDQ)\n\n[https://imgur.com/veH3dlv](https://imgur.com/veH3dlv)\n\nIt's the first withdrawal I've done yet and I will wait until this is resolved, before I dare to do another one.",1609507301,t1_ghpjl9e,/r/binance/comments/koa87l/withdrawal_bug_made_my_bitcoin_vanish_caution/ghpjx0c/
Binance,ghpkmh5,koa87l,I hope I don't missunderstood you.The internal address it sent it to doesn't exist. The support confirmed that. It got sent to a non existent internal wallet. I sended him then bitcoin to his address from another plattform and it worked.\n\n&#x200B;\n\nEdit: Grammar mistakes,1609507762,t1_ghpjql6,/r/binance/comments/koa87l/withdrawal_bug_made_my_bitcoin_vanish_caution/ghpkmh5/
Binance,ghpt00m,koa87l,Thanks.,1609511776,t1_ghprs3w,/r/binance/comments/koa87l/withdrawal_bug_made_my_bitcoin_vanish_caution/ghpt00m/
Binance,ghpm95f,koa87l,"Hmmm... I suggest you to create a ticket with Binance and copy it and paste there to them directly - with images. When you done it, paste ticket number to your post.\nhttps://www.binance.com/en/support on the bottom you will find submit a request.",1609508604,t1_ghpjx0c,/r/binance/comments/koa87l/withdrawal_bug_made_my_bitcoin_vanish_caution/ghpm95f/
Binance,ghpp2jy,koa87l,"Ah, then again thats an issue with Binanceâ€™s software ASSUMING the addresses you used for both transactions match exactly which only you and Binance will know since you share the address.",1609509963,t1_ghpkmh5,/r/binance/comments/koa87l/withdrawal_bug_made_my_bitcoin_vanish_caution/ghpp2jy/
Binance,ghppd3r,koa87l,"thx, I already did that a few days ago, takes some time I guess. I will update if something happens.",1609510100,t1_ghpm95f,/r/binance/comments/koa87l/withdrawal_bug_made_my_bitcoin_vanish_caution/ghppd3r/
Binance,ghppqj1,koa87l,"I already send the support an email a few days ago, takes some time. I will update if anything happens. If nothing happens, I might post here the uncensored addresses, after asking my acquaintance.",1609510269,t1_ghpp2jy,/r/binance/comments/koa87l/withdrawal_bug_made_my_bitcoin_vanish_caution/ghppqj1/
Binance,ghpf2vm,koajbi,"i think so, if you add 0.2% (0.1% fee x 2) you get your break even price.\n\n29000 + 0.2% = 29058, sell higher than this and you're in profit. but please check the math i'm very bad at it",1609504651,t3_koajbi,/r/binance/comments/koajbi/how_much_points_to_trade/ghpf2vm/
Binance,ghpul18,kobx5g,"Simply deposit EUR, and execute a SELL order on the [EUR/USDT](https://www.binance.com/en/trade/EUR_USDT) trading pair.",1609512508,t3_kobx5g,/r/binance/comments/kobx5g/buy_stablecoins_with_eur/ghpul18/
Binance,ghpyz9y,kobx5g,Yes and EUR/BUSD is also an option. USDC requires an extra conversion step.,1609514591,t1_ghpul18,/r/binance/comments/kobx5g/buy_stablecoins_with_eur/ghpyz9y/
Binance,ghqg5lf,kobx5g,Did know that itâ€™s possible.,1609521805,t1_ghpul18,/r/binance/comments/kobx5g/buy_stablecoins_with_eur/ghqg5lf/
Binance,ghpvyw8,koc8yl,You can't. You have a standard BTC deposit address and a SegWit BTC deposit address. That is all.,1609513152,t3_koc8yl,/r/binance/comments/koc8yl/how_to_update_change_deposit_btc_address/ghpvyw8/
Binance,ghpv2xl,kocb82,"That certainly isn't why you are being investigated, and your oldest ticket regarding this case was created on Dec 23. About one week does not equate to a month.\n\nAs the e-mail states, there is a large backlog of tickets. Someone will address your concern soon.",1609512727,t3_kocb82,/r/binance/comments/kocb82/im_being_investigated_by_tracfin_for_money/ghpv2xl/
Binance,ght31ai,kocb82,"I called my bank yesterday and yes they have to report me if they don't know where the money goes. It's the law. They have been asking me continuously for a week with urgent notices.\n\nNow for the ""circus"", I got similar answers for another ticket made  November 24th. That's more than a month ago. \n\nBy the way you really sound like an idiot. You work for binance? It's really bad then",1609571418,t1_ghpv2xl,/r/binance/comments/kocb82/im_being_investigated_by_tracfin_for_money/ght31ai/
Binance,ghteckj,kocb82,Thanks buddy. And your November 24th ticket was irrelevant to this case.,1609582968,t1_ght31ai,/r/binance/comments/kocb82/im_being_investigated_by_tracfin_for_money/ghteckj/
Binance,ghtfrcm,kocb82,that's what you get for patronizing a customer. I can use logic too. Never said it was the same issue. But none of the tickets were resolved and the last one puts me in a lot of stress.,1609584502,t1_ghteckj,/r/binance/comments/kocb82/im_being_investigated_by_tracfin_for_money/ghtfrcm/
Binance,ghtg39r,kocb82,"I'm not sure you can, hence the title.",1609584866,t1_ghtfrcm,/r/binance/comments/kocb82/im_being_investigated_by_tracfin_for_money/ghtg39r/
Binance,ghthfn0,kocb82,thanks for your help and assumptions.,1609586337,t1_ghtg39r,/r/binance/comments/kocb82/im_being_investigated_by_tracfin_for_money/ghthfn0/
Binance,ghpviqu,kocg9g,"Glad we were able to help you resolve your issue. Unfortunately, It is difficult to maintain balance between security and user experience and there will always be some false-positives. Thanks for the kind words, your patience, and understanding!",1609512926,t3_kocg9g,/r/binance/comments/kocg9g/a_wonderful_binance_support_experience_withdraw/ghpviqu/
Binance,gl8viwj,kocg9g,Mine hasn't come yet and other users have been waiting for over a year with nothing?,1611934061,t3_kocg9g,/r/binance/comments/kocg9g/a_wonderful_binance_support_experience_withdraw/gl8viwj/
Binance,ghq7xvw,kocg9g,1) Were you on verified account and 2) Did you had to give your ID to get it activated again? \n\nWhat happens when the person has unverified account?,1609518552,t3_kocg9g,/r/binance/comments/kocg9g/a_wonderful_binance_support_experience_withdraw/ghq7xvw/
Binance,ghqw3s2,kocg9g,Binance rocks!,1609527718,t3_kocg9g,/r/binance/comments/kocg9g/a_wonderful_binance_support_experience_withdraw/ghqw3s2/
Binance,ghsgthk,kocg9g,I am glad you had some lunch. I was asked to provide customer service with several videos and info regarding my account. They sent me an email 12/17/20 that they received my info and for me to be patient while they review . Its been 2 weeks and i have heard nothing.,1609556822,t3_kocg9g,/r/binance/comments/kocg9g/a_wonderful_binance_support_experience_withdraw/ghsgthk/
Binance,ghqej6e,kocg9g,Fake story to cover for the thousands of consumer who have been hosed. Im still waiting for verification approval after three weeks. I will never use a platform that cannot even onboard customers.,1609521202,t3_kocg9g,/r/binance/comments/kocg9g/a_wonderful_binance_support_experience_withdraw/ghqej6e/
Binance,ghqieav,kocg9g,I was trying to sell my uni and withdraw my Dot and was denied. My account is verified and I moved stuff off the exchange before.  Now since it 2021 nothing is working.,1609522656,t3_kocg9g,/r/binance/comments/kocg9g/a_wonderful_binance_support_experience_withdraw/ghqieav/
Binance,gtk8r28,kocg9g,[https://www.reddit.com/r/binance/comments/mla7yk/binance\_emails/](https://www.reddit.com/r/binance/comments/mla7yk/binance_emails/),1617712057,t3_kocg9g,/r/binance/comments/kocg9g/a_wonderful_binance_support_experience_withdraw/gtk8r28/
Binance,gqchcqu,kocg9g,"The other part is when my ticket nÂº 7371634 doesn't get any email response (just one email February 14th asking for some documentation) and I can't do any withdrawal since 1 complete month today. Even after completing advanced verification, sending private bank history and some official private documents.\n\nAlways getting in qeue. Binance support giving priority to my ticket and swearing I would get an answer in short time... in 24 hours... in 48 hours... but never answer and making me enter again in qeue (last one with senior support, almost 72 hours in qeue, but now I can't even see the qeue number where I am... still in qeue I think, cause I can't re-enter..\n\nBTW, I would say I avoided to be scammed by u/CustomerSP, who tried to act like binance support here in reddit and get advance of what I need. Maybe it's official but asking for send 0.005BTC to ""my subwallet"" (I don't know what is it yet) to reset my account... not today.",1615308474,t1_ghpviqu,/r/binance/comments/kocg9g/a_wonderful_binance_support_experience_withdraw/gqchcqu/
Binance,ghvo102,kocg9g,Can anyone experienced try to answer this?,1609632794,t1_ghq7xvw,/r/binance/comments/kocg9g/a_wonderful_binance_support_experience_withdraw/ghvo102/
Binance,ghw71yo,kocg9g,"Sorry to hear this, hoping funds are SAFU for you",1609643455,t1_ghsgthk,/r/binance/comments/kocg9g/a_wonderful_binance_support_experience_withdraw/ghw71yo/
Binance,ghqhbxh,kocg9g,"I got verified incredibly fast, usually within hours. Are you talking about Binance.com or Binance.us",1609522243,t1_ghqej6e,/r/binance/comments/kocg9g/a_wonderful_binance_support_experience_withdraw/ghqhbxh/
Binance,ghqifhl,kocg9g,"Actually, I am a real customer since 2017. Thanks for your concern.",1609522670,t1_ghqej6e,/r/binance/comments/kocg9g/a_wonderful_binance_support_experience_withdraw/ghqifhl/
Binance,ghr07fw,kocg9g,Bullshit. I also have had many wonderful experiences. It helps when you treat them with respect.,1609529216,t1_ghqej6e,/r/binance/comments/kocg9g/a_wonderful_binance_support_experience_withdraw/ghr07fw/
Binance,ghqilx5,kocg9g,The transition from .com to .us is effecting lots of people. Maybe contact support with a ticket?,1609522737,t1_ghqieav,/r/binance/comments/kocg9g/a_wonderful_binance_support_experience_withdraw/ghqilx5/
Binance,ghqih16,kocg9g,.US. I personally know 5 others with same issue and 1 more who deposited and the funds disappeared. I really wanted to use the platform.,1609522686,t1_ghqhbxh,/r/binance/comments/kocg9g/a_wonderful_binance_support_experience_withdraw/ghqih16/
Binance,ghr6grs,kocg9g,Pleasantly asking multiple times has provided zero results. Multiple times of providing all needed documentation and multiple replies that the verification has been approved but no updates to my account is beyond annoying and Im not a lone wolf with this issue. Kraken took 20 minutes from sign on to deposit so I know it wasnt an issue on my side of the approval.,1609531579,t1_ghr07fw,/r/binance/comments/kocg9g/a_wonderful_binance_support_experience_withdraw/ghr6grs/
Binance,ghvqzbd,kocg9g,"I looked today, still can trade and my transfer never made it to the other exchange",1609634384,t1_ghqilx5,/r/binance/comments/kocg9g/a_wonderful_binance_support_experience_withdraw/ghvqzbd/
Binance,ghqin1a,kocg9g,"Ah I have no clue about .us. This post is about .com tho, and .com has been absolutely perfect for me so far. Isnâ€™t .us a bit newer though? So maybe give them a bit of time to get everything together.",1609522748,t1_ghqih16,/r/binance/comments/kocg9g/a_wonderful_binance_support_experience_withdraw/ghqin1a/
Binance,ghw6wpz,kocg9g,"I don't work for them, just wanted to share a positive experience. \n\nhttps://binance.zendesk.com/hc/en-us/requests/new\n\nGo here",1609643367,t1_ghvqzbd,/r/binance/comments/kocg9g/a_wonderful_binance_support_experience_withdraw/ghw6wpz/
Binance,ghq0spb,kocrfg,I suspect it's Stablecoins fluctuations when there's a loss...I could be mistaken though.,1609515476,t3_kocrfg,/r/binance/comments/kocrfg/how_does_investment_in_liquidity_swap_work/ghq0spb/
Binance,ghq1vpu,kod2l8,"As of January 1, 2021 Cover token was replaced by COVEROLD.",1609515990,t3_kod2l8,/r/binance/comments/kod2l8/binance_announces_10_million_resolution_plan_for/ghq1vpu/
